buffer_bytes,buffer_mib,relation,power_of_two_exponent,average_gatomic_per_s,median_gatomic_per_s
92,0.000087738,minus_28_percent,7,5.679732,5.682094
124,0.000118256,minus_1_percent,7,5.457685,5.459831
128,0.000122070,power_of_two,7,5.536592,5.536002
132,0.000125885,plus_1_percent,7,4.937494,4.936515
164,0.000156403,plus_28_percent,7,4.534683,4.541108
184,0.000175476,minus_28_percent,8,4.489170,4.494699
252,0.000240326,minus_1_percent,8,4.252229,4.257700
256,0.000244141,power_of_two,8,4.270271,4.270839
260,0.000247955,plus_1_percent,8,4.307403,4.306213
328,0.000312805,plus_28_percent,8,4.910697,4.915957
368,0.000350952,minus_28_percent,9,5.242645,5.250990
504,0.000480652,minus_1_percent,9,6.350878,6.359934
512,0.000488281,power_of_two,9,6.411626,6.423875
520,0.000495911,plus_1_percent,9,6.125348,6.133218
656,0.000625610,plus_28_percent,9,4.501479,4.507215
736,0.000701904,minus_28_percent,10,4.084771,4.089004
1012,0.000965118,minus_1_percent,10,4.659597,4.665496
1024,0.000976562,power_of_two,10,4.695814,4.701664
1036,0.000988007,plus_1_percent,10,4.709924,4.716495
1312,0.001251221,plus_28_percent,10,5.323514,5.324809
1472,0.001403809,minus_28_percent,11,5.758297,5.765371
2024,0.001930237,minus_1_percent,11,7.108833,7.127360
2048,0.001953125,power_of_two,11,7.170856,7.184366
2072,0.001976013,plus_1_percent,11,7.223845,7.234233
2624,0.002502441,plus_28_percent,11,8.626367,8.647144
2948,0.002811432,minus_28_percent,12,9.469008,9.487253
4052,0.003864288,minus_1_percent,12,6.354271,6.363977
4096,0.003906250,power_of_two,12,6.426667,6.438084
4140,0.003948212,plus_1_percent,12,6.498186,6.509401
5244,0.005001068,plus_28_percent,12,8.177597,8.193850
5896,0.005622864,minus_28_percent,13,9.216221,9.238610
8108,0.007732391,minus_1_percent,13,12.913303,12.955970
8192,0.007812500,power_of_two,13,13.040833,13.067852
8276,0.007892609,plus_1_percent,13,13.218482,13.245826
10488,0.010002136,plus_28_percent,13,16.990627,17.075034
11796,0.011249542,minus_28_percent,14,15.360674,15.394189
16220,0.015468597,minus_1_percent,14,18.623547,18.656058
16384,0.015625000,power_of_two,14,18.845021,18.897521
16548,0.015781403,plus_1_percent,14,18.998324,19.099008
20972,0.020000458,plus_28_percent,14,18.621067,18.746478
23592,0.022499084,minus_28_percent,15,21.220985,21.203979
32440,0.030937195,minus_1_percent,15,29.688148,30.044361
32768,0.031250000,power_of_two,15,29.901720,29.589831
33096,0.031562805,plus_1_percent,15,30.105720,29.958906
41944,0.040000916,plus_28_percent,15,26.069539,26.133597
47184,0.044998169,minus_28_percent,16,25.021400,25.056851
64880,0.061874390,minus_1_percent,16,28.954321,29.309685
65536,0.062500000,power_of_two,16,29.360876,29.129490
66192,0.063125610,plus_1_percent,16,27.501399,27.564883
83888,0.080001831,plus_28_percent,16,30.031375,30.246625
94368,0.089996338,minus_28_percent,17,30.352274,30.082389
129760,0.123748779,minus_1_percent,17,30.581346,30.903139
131072,0.125000000,power_of_two,17,30.604179,30.492743
132384,0.126251221,plus_1_percent,17,29.060665,28.999068
167776,0.160003662,plus_28_percent,17,30.287077,30.442946
188740,0.179996490,minus_28_percent,18,30.456361,30.602568
259520,0.247497559,minus_1_percent,18,30.434170,30.705914
262144,0.250000000,power_of_two,18,30.390037,30.274300
264768,0.252502441,plus_1_percent,18,30.893769,31.154144
335548,0.320003510,plus_28_percent,18,30.788247,30.525225
377484,0.359996796,minus_28_percent,19,30.701714,30.537909
519044,0.494998932,minus_1_percent,19,31.363959,31.586962
524288,0.500000000,power_of_two,19,31.393744,31.205989
529532,0.505001068,plus_1_percent,19,31.420836,31.693400
671092,0.640003204,plus_28_percent,19,31.523811,31.816970
754972,0.719997406,minus_28_percent,20,31.471443,31.670058
1038088,0.989997864,minus_1_percent,20,31.591666,31.709956
1048576,1.000000000,power_of_two,20,31.808773,32.100811
1059064,1.010002136,plus_1_percent,20,31.561288,31.295706
1342180,1.280002594,plus_28_percent,20,28.287103,28.564158
1509948,1.439998627,minus_28_percent,21,24.283121,24.430726
2076180,1.979999542,minus_1_percent,21,18.386567,18.419785
2097152,2.000000000,power_of_two,21,18.367966,18.531442
2118124,2.020000458,plus_1_percent,21,18.160361,18.223157
2684356,2.560001373,plus_28_percent,21,16.081408,16.176609
3019896,2.879997253,minus_28_percent,22,15.349585,15.393714
4152360,3.959999084,minus_1_percent,22,13.891602,13.994143
4194304,4.000000000,power_of_two,22,13.886115,13.975306
4236248,4.040000916,plus_1_percent,22,13.879612,13.932915
5368712,5.120002747,plus_28_percent,22,13.173470,13.243816
6039796,5.759998322,minus_28_percent,23,12.865361,12.960368
8304720,7.919998169,minus_1_percent,23,12.348457,12.411861
8388608,8.000000000,power_of_two,23,12.372338,12.407902
8472496,8.080001831,plus_1_percent,23,12.320951,12.386692
10737420,10.240001678,plus_28_percent,23,12.045459,12.098409
12079592,11.519996643,minus_28_percent,24,11.942649,11.972262
16609440,15.839996338,minus_1_percent,24,11.681733,11.730379
16777216,16.000000000,power_of_two,24,11.666155,11.733661
16944992,16.160003662,plus_1_percent,24,11.640633,11.718453
21474840,20.480003357,plus_28_percent,24,11.484718,11.563672
24159188,23.039997101,minus_28_percent,25,11.110790,11.143525
33218884,31.679996490,minus_1_percent,25,6.607729,6.613315
33554432,32.000000000,power_of_two,25,6.512813,6.539076
33889980,32.320003510,plus_1_percent,25,6.470219,6.467941
42949676,40.960002899,plus_28_percent,25,3.296857,3.296375
48318380,46.079998016,minus_28_percent,26,2.803180,2.802922
66437772,63.359996796,minus_1_percent,26,2.295123,2.294971
67108864,64.000000000,power_of_two,26,2.285268,2.284904
67779956,64.640003204,plus_1_percent,26,2.276084,2.275915
85899348,81.920001984,plus_28_percent,26,2.086912,2.086342
96636764,92.159999847,minus_28_percent,27,2.020047,2.019932
132875548,126.719997406,minus_1_percent,27,1.889778,1.889681
134217728,128.000000000,power_of_two,27,1.886503,1.886469
135559908,129.280002594,plus_1_percent,27,1.882960,1.883127
171798692,163.840000153,plus_28_percent,27,1.819040,1.818768
